<?xml version="1.0" encoding="UTF-8"?>
<project-private xmlns="http://www.netbeans.org/ns/project-private/1">
    <editor-bookmarks xmlns="http://www.netbeans.org/ns/editor-bookmarks/2" lastBookmarkId="0"/>
    <open-files xmlns="http://www.netbeans.org/ns/projectui-open-files/2">
        <group>
            <file>file:/D:/BUBT/SDPII/Car-Rental-system/Car_Rental/src/rental_car/Customer_Registration.java</file>
            <file>file:/D:/BUBT/SDPII/Car-Rental-system/Car_Rental/src/rental_car/Main_Form.java</file>
            <file>file:/D:/BUBT/SDPII/Car-Rental-system/Car_Rental/src/rental_car/Car_Registration.java</file>
            <file>file:/D:/BUBT/SDPII/Car-Rental-system/Car_Rental/src/rental_car/LogIn_Form.java</file>
        </group>
    </open-files>
</project-private>
